{
    "parent": "ippm:builtin/generated",
    "textures": {
        "layer0": "ippm:items/WarAxe"
    },
        "display": {
                "thirdperson": {
                        "rotation": [ 180, 90, -30 ],
                        "translation": [ -0.20, -3.00, -14.50 ],
                        "scale": [ 3.00, 3.00, 2.00 ]
                },
                "firstperson": {
                "rotation": [ 0, -135, 25 ],
                "translation": [ 0, 10, 2 ],
                "scale": [ 4, 4, 3 ]
                },
                "gui": {
                "rotation": [ 0, 0, 0 ],
                "translation": [ 0.00, 0.00, 0.00 ],
                "scale": [ 1.00, 1.00, 1.00 ]
                },
                "head": {
                        "rotation": [ 0, 0, 0 ],
                        "translation": [ 0.00, 0.00, 0.00 ],
                        "scale": [ 1.00, 1.00, 1.00 ]
                }
        }
}
    
    
